id,type,cer,wer,cer_accuracy,wer_accuracy
Page_01,scanned_table,0.0,0.0,1.0,1.0
Page_02,scanned_text,0.011235955056179775,0.0625,0.9887640449438202,0.9375
Page_03,noisy_scanned_table,0.07272727272727272,0.16666666666666666,0.9272727272727272,0.8333333333333334
