Concurrent_Users,Avg_Latency_s,P95_Latency_s,Avg_CPU_Percent,Avg_RAM_Percent
10,1.7391484737396241,2.0519047737121583,26.01428571428571,69.39999999999999
30,1.817593781153361,2.23043475151062,32.6875,69.4
50,1.7725686931610107,2.2515485167503355,22.65,69.4
