Metric,Traditional RAG,Hybrid RAG,Multi-Agent RAG (Ours)
Faithfulness,0.7757510525673146,0.8492001795879816,0.9516870424719033
Answer Relevancy,0.7955832861273076,0.886412988629762,0.972343644690346
Context Precision,0.738529284060659,0.8269307715585846,0.9428821255267827
Context Recall,0.7207022874229533,0.8338884366738023,0.9314902383785659
Avg Latency (s),6.965925502777099,9.993584489822387,17.359509992599488
